Welcome to the Daisy Flower Garden,,,,,,,,,,,,,,,,,
,Quest 1,,,,,,,,,,,,,,,,
,1,The Watering Can Award,,,,,,,,,,,,,,,
,2,The Golden Honey Bee,,,,,,,,,,,,,,,
,3,The Amazing Daisy Award,,,,,,,,,,,,,,,
Between Earth and Sky,,,,,,,,,,,,,,,,,
,Quest 2,,,,,,,,,,,,,,,,
,1,The Blue Bucket Award,,,,,,,,,,,,,,,
,2,The Firefly Award,,,,,,,,,,,,,,,
,3,The Clover Award,,,,,,,,,,,,,,,
\"5 Flowers, 4 Stories, 3 Cheers for Animals!\",,,,,,,,,,,,,,,,,
,,Quest 3,,,,,,,,,,,,,,,
,1,Birdbath Award,,,,,,,,,,,,,,,
,2,Red Robin Award,,,,,,,,,,,,,,,
,3,Tula Award,,,,,,,,,,,,,,,